order_id,customer_id,product_id,product_name,category,unit_price,quantity,order_date,customer_age,customer_gender,country,correct_category,sales
1,150,9,Tablet,Electronics,611,1,2022-11-14,62,Female,Germany,Electronics,611
2,176,36,Smartphone,Electronics,751,4,2022-10-06,23,Male,Canada,Electronics,3004
3,37,22,Jacket,Accessories,821,4,2022-05-07,54,Male,UK,Clothing,3284
4,143,42,Shoes,Electronics,395,4,2022-05-09,50,Male,Germany,Clothing,1580
5,163,26,Jacket,Accessories,301,1,2022-02-27,39,Male,Australia,Clothing,301
6,199,12,Tablet,Clothing,130,1,2022-05-02,38,Female,USA,Electronics,130
7,160,17,Camera,Clothing,251,1,2022-01-01,23,Female,Australia,Electronics,251
8,11,14,Laptop,Electronics,776,3,2022-08-27,23,Female,Australia,Electronics,2328
9,138,14,T-shirt,Accessories,141,1,2022-10-17,21,Female,USA,Clothing,141
10,78,34,Smartphone,Clothing,826,1,2022-04-06,47,Male,Australia,Electronics,826
11,77,20,Watch,Accessories,928,1,2022-05-06,28,Female,Germany,Accessories,928
12,185,11,Watch,Clothing,155,3,2022-04-28,47,Male,Germany,Accessories,465
13,153,16,Watch,Electronics,776,1,2022-02-17,48,Male,Germany,Accessories,776
14,2,31,Headphones,Accessories,611,4,2022-03-30,41,Male,USA,Accessories,2444
15,64,6,Watch,Accessories,912,1,2022-08-25,26,Male,Australia,Accessories,912
16,35,19,T-shirt,Electronics,751,4,2022-09-29,20,Male,USA,Clothing,3004
17,7,37,Laptop,Clothing,779,4,2022-07-08,48,Female,Germany,Electronics,3116
18,85,4,Watch,Clothing,477,4,2022-07-11,57,Female,Australia,Accessories,1908
19,146,47,Jacket,Clothing,84,3,2022-03-10,54,Female,Australia,Clothing,252
20,67,4,Jacket,Accessories,141,3,2022-10-05,53,Female,France,Clothing,423
21,42,20,Headphones,Accessories,141,3,2022-12-15,41,Male,France,Accessories,423
22,118,10,T-shirt,Accessories,51,1,2022-09-04,48,Female,Canada,Clothing,51
23,125,24,Laptop,Clothing,614,4,2022-03-17,23,Male,UK,Electronics,2456
24,167,35,Smartphone,Accessories,611,3,2022-06-03,19,Female,France,Electronics,1833
25,169,26,Tablet,Electronics,841,3,2022-05-24,37,Male,USA,Electronics,2523
26,24,37,Laptop,Electronics,992,1,2022-03-27,45,Male,France,Electronics,992
27,188,38,Tablet,Accessories,102,3,2022-07-04,28,Female,Canada,Electronics,306
28,46,21,Camera,Electronics,928,1,2022-10-12,21,Male,Australia,Electronics,928
29,19,40,Tablet,Accessories,798,2,2022-08-08,32,Male,Canada,Electronics,1596
30,68,39,Shoes,Clothing,826,3,2022-03-10,23,Female,Australia,Clothing,2478
31,102,21,Jacket,Electronics,611,2,2022-02-16,47,Male,Australia,Clothing,1222
32,42,10,T-shirt,Clothing,614,1,2022-04-04,55,Female,UK,Clothing,614
33,32,38,Sunglasses,Accessories,526,4,2022-08-26,19,Female,France,Accessories,2104
34,167,46,Headphones,Accessories,130,3,2022-07-23,32,Female,USA,Accessories,390
35,109,4,Shoes,Electronics,320,1,2022-08-06,28,Male,USA,Clothing,320
36,36,45,Tablet,Electronics,251,4,2022-12-07,25,Male,Germany,Electronics,1004
37,97,20,Watch,Accessories,251,4,2022-02-08,43,Male,Australia,Accessories,1004
38,164,17,T-shirt,Electronics,947,2,2022-04-10,62,Female,USA,Clothing,1894
39,131,7,Shoes,Electronics,921,1,2022-10-16,61,Male,UK,Clothing,921
40,73,4,Headphones,Clothing,841,4,2022-09-11,22,Female,Australia,Accessories,3364
41,136,29,Jacket,Accessories,437,3,2022-08-10,23,Female,UK,Clothing,1311
42,97,14,T-shirt,Electronics,774,3,2022-12-23,43,Male,USA,Clothing,2322
43,123,3,Headphones,Clothing,865,2,2022-01-23,21,Female,USA,Accessories,1730
44,70,24,Camera,Clothing,301,4,2022-09-07,36,Male,Germany,Electronics,1204
45,169,37,Camera,Electronics,255,1,2022-01-10,37,Male,USA,Electronics,255
46,196,16,Headphones,Electronics,319,3,2022-09-03,50,Male,Australia,Accessories,957
47,13,4,Shoes,Accessories,255,4,2022-11-21,37,Male,Australia,Clothing,1020
48,49,24,T-shirt,Accessories,912,4,2022-04-10,29,Male,Australia,Clothing,3648
49,60,34,Shoes,Accessories,947,2,2022-10-17,64,Female,Germany,Clothing,1894
50,130,30,Smartphone,Accessories,821,3,2022-06-29,18,Female,Germany,Electronics,2463
51,188,18,Tablet,Electronics,779,3,2022-08-11,43,Female,USA,Electronics,2337
52,5,19,Smartphone,Clothing,437,1,2022-09-07,31,Male,Canada,Electronics,437
53,172,31,Camera,Clothing,141,3,2022-05-27,55,Male,Canada,Electronics,423
54,27,19,Jacket,Electronics,319,1,2022-04-06,54,Male,Germany,Clothing,319
55,160,49,Laptop,Clothing,841,3,2022-09-14,28,Female,USA,Electronics,2523
56,149,46,Tablet,Electronics,301,2,2022-11-21,53,Male,Canada,Electronics,602
57,8,19,Camera,Electronics,437,3,2022-01-04,30,Female,USA,Electronics,1311
58,200,22,Shoes,Clothing,826,1,2022-01-16,60,Female,USA,Clothing,826
59,50,24,Shoes,Accessories,389,1,2022-10-07,20,Male,USA,Clothing,389
60,67,45,Shoes,Clothing,752,2,2022-12-02,50,Male,France,Clothing,1504
61,44,12,Jacket,Clothing,981,3,2022-09-04,23,Female,Australia,Clothing,2943
62,125,30,Smartphone,Accessories,141,3,2022-09-15,27,Male,USA,Electronics,423
63,58,38,Laptop,Clothing,301,2,2022-06-09,22,Female,France,Electronics,602
64,3,31,Shoes,Clothing,84,3,2022-12-06,40,Male,Germany,Clothing,252
65,86,36,Sunglasses,Accessories,102,3,2022-06-01,27,Male,Canada,Accessories,306
66,70,19,Tablet,Accessories,865,1,2022-06-27,61,Female,Australia,Electronics,865
67,130,48,T-shirt,Electronics,437,3,2022-06-12,19,Male,Canada,Clothing,1311
68,172,45,Sunglasses,Electronics,992,3,2022-02-02,30,Female,Australia,Accessories,2976
69,2,36,Laptop,Electronics,981,2,2022-06-28,57,Male,Canada,Electronics,1962
70,102,30,Jacket,Electronics,774,2,2022-04-11,19,Female,Australia,Clothing,1548
71,35,49,Laptop,Accessories,558,4,2022-09-25,37,Female,Canada,Electronics,2232
72,98,33,T-shirt,Accessories,871,1,2022-11-19,18,Male,Canada,Clothing,871
73,30,18,Tablet,Accessories,51,3,2022-03-06,54,Female,Canada,Electronics,153
74,116,49,T-shirt,Clothing,211,3,2022-06-17,26,Male,Canada,Clothing,633
75,8,28,Headphones,Electronics,947,4,2022-11-26,34,Male,Germany,Accessories,3788
76,150,47,Tablet,Accessories,769,3,2022-02-12,26,Male,USA,Electronics,2307
77,44,11,Laptop,Accessories,155,1,2022-02-13,28,Female,UK,Electronics,155
78,186,45,Shoes,Electronics,395,4,2022-10-12,32,Female,France,Clothing,1580
79,36,33,Laptop,Clothing,615,1,2022-01-12,41,Male,UK,Electronics,615
80,197,17,Laptop,Accessories,505,4,2022-04-05,55,Male,UK,Electronics,2020
81,77,6,Tablet,Electronics,504,4,2022-10-29,52,Female,Australia,Electronics,2016
82,31,4,Headphones,Clothing,416,2,2022-09-10,47,Male,USA,Accessories,832
83,47,20,Laptop,Accessories,255,1,2022-08-30,48,Male,Australia,Electronics,255
84,55,48,Sunglasses,Accessories,614,3,2022-02-04,22,Female,USA,Accessories,1842
85,106,47,Camera,Electronics,971,3,2022-08-03,61,Male,USA,Electronics,2913
86,190,27,Watch,Accessories,981,1,2022-12-03,31,Female,Canada,Accessories,981
87,158,15,Watch,Accessories,437,3,2022-03-31,28,Male,Germany,Accessories,1311
88,121,6,Laptop,Clothing,921,3,2022-09-21,26,Female,Canada,Electronics,2763
89,55,47,Sunglasses,Electronics,981,1,2022-04-03,51,Male,Germany,Accessories,981
90,144,14,Shoes,Electronics,504,4,2022-03-31,29,Male,Australia,Clothing,2016
91,12,11,Jacket,Clothing,319,1,2022-04-25,52,Female,Germany,Clothing,319
92,145,39,Jacket,Clothing,841,4,2022-04-15,52,Male,Australia,Clothing,3364
93,144,9,Tablet,Accessories,992,3,2022-07-15,18,Female,UK,Electronics,2976
94,140,26,Watch,Accessories,825,3,2022-11-10,57,Male,UK,Accessories,2475
95,136,16,Laptop,Accessories,389,3,2022-04-24,39,Female,Germany,Electronics,1167
96,3,5,Jacket,Electronics,752,2,2022-03-16,46,Female,Germany,Clothing,1504
97,144,10,Laptop,Accessories,992,4,2022-08-05,25,Female,Australia,Electronics,3968
98,30,50,Tablet,Clothing,611,2,2022-10-04,28,Female,Canada,Electronics,1222
99,23,3,Watch,Accessories,141,2,2022-09-06,58,Male,Australia,Accessories,282
100,92,13,T-shirt,Clothing,319,1,2022-06-13,54,Male,Canada,Clothing,319
101,115,43,Camera,Accessories,389,2,2022-12-23,31,Female,UK,Electronics,778
102,104,49,Camera,Clothing,451,1,2022-07-11,47,Female,USA,Electronics,451
103,118,30,Jacket,Accessories,255,1,2022-08-15,52,Female,Germany,Clothing,255
104,5,45,Camera,Accessories,389,2,2022-06-26,38,Male,Canada,Electronics,778
105,104,6,T-shirt,Electronics,319,4,2022-04-09,54,Male,Australia,Clothing,1276
106,108,17,Laptop,Clothing,971,4,2022-02-05,22,Male,UK,Electronics,3884
107,65,45,Tablet,Electronics,102,4,2022-04-06,36,Male,Canada,Electronics,408
108,121,19,T-shirt,Accessories,751,4,2022-06-01,31,Female,Australia,Clothing,3004
109,30,42,Tablet,Accessories,437,4,2022-05-31,43,Female,Germany,Electronics,1748
110,149,35,Tablet,Clothing,615,2,2022-07-09,21,Female,Germany,Electronics,1230
111,84,46,Watch,Accessories,389,2,2022-08-12,42,Male,France,Accessories,778
112,198,26,Laptop,Electronics,395,3,2022-02-06,62,Male,USA,Electronics,1185
113,150,5,Sunglasses,Clothing,605,4,2022-09-25,59,Male,France,Accessories,2420
114,200,29,Camera,Clothing,928,2,2022-07-02,42,Female,UK,Electronics,1856
115,32,37,Sunglasses,Accessories,776,3,2022-01-13,35,Female,Canada,Accessories,2328
116,161,20,Watch,Accessories,947,4,2022-10-06,57,Male,UK,Accessories,3788
117,16,49,Tablet,Accessories,319,1,2022-08-05,25,Female,Australia,Electronics,319
118,38,21,Jacket,Electronics,84,3,2022-12-21,56,Male,Germany,Clothing,252
119,142,10,Camera,Accessories,51,2,2022-12-27,57,Male,France,Electronics,102
120,36,5,Camera,Clothing,416,1,2022-10-13,31,Female,France,Electronics,416
121,151,36,Laptop,Accessories,130,1,2022-09-30,49,Male,France,Electronics,130
122,114,6,Headphones,Electronics,155,1,2022-03-03,55,Female,UK,Accessories,155
123,66,26,Smartphone,Clothing,255,3,2022-03-25,50,Male,Germany,Electronics,765
124,105,4,Smartphone,Accessories,155,2,2022-08-05,40,Female,Canada,Electronics,310
125,85,39,Smartphone,Electronics,437,1,2022-12-08,32,Female,Australia,Electronics,437
126,2,39,Headphones,Accessories,779,4,2022-07-06,50,Female,Canada,Accessories,3116
127,193,50,Laptop,Accessories,51,1,2022-01-19,42,Male,UK,Electronics,51
128,75,35,Headphones,Accessories,779,1,2022-06-26,34,Male,Australia,Accessories,779
129,67,1,Smartphone,Electronics,821,3,2022-04-10,50,Female,France,Electronics,2463
130,180,24,Watch,Clothing,921,3,2022-08-21,64,Female,USA,Accessories,2763
131,190,36,T-shirt,Accessories,558,2,2022-03-17,19,Male,UK,Clothing,1116
132,151,6,Tablet,Accessories,751,4,2022-09-22,31,Male,UK,Electronics,3004
133,154,41,Headphones,Electronics,504,3,2022-10-11,57,Male,Germany,Accessories,1512
134,196,46,Laptop,Electronics,526,1,2022-07-25,57,Female,Canada,Electronics,526
135,55,44,Laptop,Accessories,779,2,2022-08-11,56,Male,UK,Electronics,1558
136,6,31,Sunglasses,Clothing,558,1,2022-02-21,23,Male,UK,Accessories,558
137,163,20,T-shirt,Electronics,611,1,2022-12-05,23,Female,France,Clothing,611
138,150,24,Jacket,Accessories,395,3,2022-05-24,20,Male,France,Clothing,1185
139,171,25,Camera,Clothing,141,2,2022-03-10,24,Male,Australia,Electronics,282
140,143,36,Smartphone,Clothing,389,4,2022-04-09,25,Male,USA,Electronics,1556
141,86,21,Jacket,Accessories,451,4,2022-01-25,59,Female,Germany,Clothing,1804
142,60,30,Sunglasses,Accessories,751,3,2022-02-22,32,Female,USA,Accessories,2253
143,101,24,Smartphone,Accessories,389,3,2022-05-31,64,Female,Australia,Electronics,1167
144,12,44,T-shirt,Clothing,921,2,2022-05-24,46,Female,France,Clothing,1842
145,49,42,Sunglasses,Clothing,526,4,2022-02-26,50,Female,Canada,Accessories,2104
146,42,30,Smartphone,Clothing,51,4,2022-02-08,47,Female,France,Electronics,204
147,166,22,T-shirt,Electronics,751,4,2022-04-19,56,Female,Germany,Clothing,3004
148,82,28,Shoes,Clothing,841,1,2022-06-30,44,Male,France,Clothing,841
149,173,7,Jacket,Electronics,752,4,2022-02-11,53,Male,Germany,Clothing,3008
150,35,35,Jacket,Electronics,841,1,2022-07-05,46,Female,Germany,Clothing,841
151,158,28,Camera,Accessories,992,2,2022-08-11,55,Male,Germany,Electronics,1984
152,158,14,T-shirt,Accessories,416,1,2022-05-02,50,Male,Australia,Clothing,416
153,134,10,Headphones,Accessories,614,2,2022-05-13,54,Female,Germany,Accessories,1228
154,67,16,Shoes,Accessories,558,4,2022-06-12,44,Male,Germany,Clothing,2232
155,80,16,Watch,Electronics,912,4,2022-08-03,50,Male,Canada,Accessories,3648
156,7,31,Smartphone,Accessories,871,2,2022-08-09,21,Male,USA,Electronics,1742
157,180,42,Shoes,Clothing,865,3,2022-08-23,39,Male,UK,Clothing,2595
158,14,25,T-shirt,Clothing,981,2,2022-11-27,19,Male,USA,Clothing,1962
159,73,13,Tablet,Accessories,395,3,2022-05-26,27,Female,Germany,Electronics,1185
160,143,6,Smartphone,Electronics,821,1,2022-08-27,22,Female,Canada,Electronics,821
161,149,44,Laptop,Clothing,558,1,2022-03-17,27,Female,France,Electronics,558
162,163,9,Jacket,Clothing,511,1,2022-01-09,50,Male,Canada,Clothing,511
163,66,45,T-shirt,Electronics,615,4,2022-03-15,55,Female,Germany,Clothing,2460
164,91,36,Laptop,Electronics,526,1,2022-09-10,30,Male,Canada,Electronics,526
165,130,43,Camera,Accessories,774,3,2022-08-18,48,Male,Canada,Electronics,2322
166,163,20,Sunglasses,Electronics,776,1,2022-01-07,64,Male,Germany,Accessories,776
167,20,18,Watch,Accessories,752,2,2022-06-23,53,Male,Australia,Accessories,1504
168,10,43,Watch,Accessories,779,2,2022-05-21,62,Female,Canada,Accessories,1558
169,25,21,Laptop,Electronics,928,4,2022-06-17,41,Female,UK,Electronics,3712
170,194,4,Jacket,Accessories,511,2,2022-06-19,32,Male,UK,Clothing,1022
171,25,50,Camera,Clothing,51,3,2022-10-10,46,Female,Canada,Electronics,153
172,54,33,Tablet,Clothing,752,1,2022-05-02,25,Male,Australia,Electronics,752
173,33,27,Jacket,Accessories,751,4,2022-07-13,22,Female,France,Clothing,3004
174,164,7,Shoes,Clothing,51,1,2022-01-05,46,Female,Germany,Clothing,51
175,95,6,Watch,Accessories,769,1,2022-01-29,64,Male,UK,Accessories,769
176,14,15,Shoes,Accessories,437,3,2022-06-14,21,Female,France,Clothing,1311
177,65,18,Smartphone,Electronics,51,2,2022-12-05,29,Male,Canada,Electronics,102
178,110,32,Headphones,Electronics,865,2,2022-05-16,62,Female,France,Accessories,1730
179,80,11,T-shirt,Clothing,928,1,2022-12-31,19,Male,USA,Clothing,928
180,54,20,Camera,Electronics,395,4,2022-11-17,44,Male,UK,Electronics,1580
181,125,24,Jacket,Electronics,605,2,2022-12-08,48,Female,Canada,Clothing,1210
182,180,15,Watch,Accessories,912,4,2022-05-25,53,Female,Germany,Accessories,3648
183,131,48,Shoes,Accessories,615,2,2022-11-23,53,Male,Australia,Clothing,1230
184,169,7,Sunglasses,Electronics,614,4,2022-08-05,43,Female,Canada,Accessories,2456
185,134,21,Smartphone,Electronics,141,3,2022-10-28,60,Female,Germany,Electronics,423
186,25,42,T-shirt,Accessories,130,4,2022-05-12,44,Male,Australia,Clothing,520
187,141,26,T-shirt,Electronics,752,3,2022-10-19,22,Male,Australia,Clothing,2256
188,117,44,Jacket,Clothing,558,3,2022-03-11,37,Female,Canada,Clothing,1674
189,136,14,Camera,Accessories,477,4,2022-09-09,28,Male,France,Electronics,1908
190,149,37,Tablet,Electronics,319,3,2022-10-02,27,Male,France,Electronics,957
191,196,21,Sunglasses,Clothing,251,1,2022-12-30,57,Male,Australia,Accessories,251
192,25,18,Jacket,Accessories,102,3,2022-07-01,55,Female,France,Clothing,306
193,79,5,Shoes,Accessories,141,2,2022-06-16,23,Female,USA,Clothing,282
194,68,3,Headphones,Clothing,751,4,2022-04-01,25,Male,Australia,Accessories,3004
195,173,23,Laptop,Clothing,320,1,2022-07-21,40,Female,Australia,Electronics,320
196,188,26,Tablet,Accessories,395,4,2022-12-12,64,Male,Germany,Electronics,1580
197,12,37,Camera,Accessories,779,2,2022-01-19,43,Female,France,Electronics,1558
198,32,24,Smartphone,Accessories,947,2,2022-02-08,63,Male,Australia,Electronics,1894
199,128,49,Tablet,Accessories,826,2,2022-05-06,60,Male,USA,Electronics,1652
200,96,19,Watch,Clothing,437,3,2022-06-22,29,Female,Germany,Accessories,1311
201,92,25,Camera,Clothing,526,3,2022-05-21,43,Male,Canada,Electronics,1578
202,141,21,Headphones,Accessories,871,4,2022-08-30,30,Female,Australia,Accessories,3484
203,31,12,Watch,Clothing,558,4,2022-08-08,57,Female,USA,Accessories,2232
204,78,41,Tablet,Clothing,130,1,2022-05-06,35,Male,UK,Electronics,130
205,20,33,Laptop,Clothing,615,1,2022-02-27,42,Male,USA,Electronics,615
206,146,50,Laptop,Electronics,102,4,2022-05-28,50,Female,USA,Electronics,408
207,60,4,Headphones,Accessories,439,3,2022-11-13,64,Male,Germany,Accessories,1317
208,191,42,T-shirt,Clothing,615,2,2022-12-27,57,Male,Canada,Clothing,1230
209,134,7,Sunglasses,Electronics,320,4,2022-01-01,60,Male,UK,Accessories,1280
210,160,22,Smartphone,Clothing,912,1,2022-12-14,29,Male,France,Electronics,912
211,93,33,T-shirt,Clothing,605,3,2022-07-09,61,Male,France,Clothing,1815
212,43,17,Laptop,Electronics,871,4,2022-07-10,53,Female,USA,Electronics,3484
213,130,24,Laptop,Clothing,798,4,2022-11-08,21,Female,Germany,Electronics,3192
214,60,34,Shoes,Electronics,451,3,2022-04-27,22,Male,Germany,Clothing,1353
215,151,28,Watch,Accessories,826,4,2022-05-14,54,Male,France,Accessories,3304
216,31,43,Tablet,Clothing,841,3,2022-02-27,25,Male,UK,Electronics,2523
217,5,41,Smartphone,Clothing,798,2,2022-02-13,59,Female,Canada,Electronics,1596
218,162,39,Headphones,Accessories,947,3,2022-06-22,45,Male,UK,Accessories,2841
219,10,22,Tablet,Electronics,416,3,2022-06-09,48,Female,Australia,Electronics,1248
220,89,49,Shoes,Clothing,841,3,2022-06-22,26,Female,Australia,Clothing,2523
221,130,17,Laptop,Clothing,477,4,2022-11-13,46,Female,Canada,Electronics,1908
222,126,34,Headphones,Accessories,320,4,2022-10-30,31,Male,France,Accessories,1280
223,11,6,Laptop,Electronics,437,3,2022-05-29,57,Female,Canada,Electronics,1311
224,178,46,Smartphone,Accessories,826,4,2022-03-21,58,Male,Germany,Electronics,3304
225,159,6,Watch,Electronics,558,1,2022-08-01,39,Female,Australia,Accessories,558
226,56,34,Tablet,Electronics,320,1,2022-07-22,28,Male,USA,Electronics,320
227,83,1,Tablet,Accessories,477,4,2022-09-09,40,Female,USA,Electronics,1908
228,137,10,T-shirt,Electronics,798,4,2022-08-17,18,Male,France,Clothing,3192
229,99,21,Headphones,Clothing,387,3,2022-06-13,63,Female,Germany,Accessories,1161
230,149,5,Sunglasses,Accessories,345,2,2022-08-15,54,Male,UK,Accessories,690
231,73,2,Shoes,Accessories,251,4,2022-05-27,38,Male,Germany,Clothing,1004
232,156,22,Sunglasses,Accessories,251,1,2022-01-20,43,Male,USA,Accessories,251
233,190,48,T-shirt,Electronics,141,3,2022-02-16,63,Male,USA,Clothing,423
234,115,2,Smartphone,Clothing,102,4,2022-08-21,53,Female,Australia,Electronics,408
235,7,10,Shoes,Accessories,511,1,2022-11-01,40,Female,Germany,Clothing,511
236,80,34,Watch,Accessories,611,1,2022-01-14,18,Male,Germany,Accessories,611
237,144,16,Sunglasses,Accessories,558,2,2022-05-23,57,Female,USA,Accessories,1116
238,97,48,Watch,Electronics,971,3,2022-01-01,32,Male,UK,Accessories,2913
239,4,39,Sunglasses,Accessories,752,3,2022-02-23,38,Male,France,Accessories,2256
240,4,22,Watch,Clothing,971,2,2022-09-16,64,Female,France,Accessories,1942
241,103,12,Sunglasses,Electronics,865,2,2022-05-24,26,Male,Germany,Accessories,1730
242,40,24,Watch,Electronics,439,3,2022-01-12,26,Male,France,Accessories,1317
243,17,47,T-shirt,Accessories,871,3,2022-11-26,27,Female,USA,Clothing,2613
244,101,40,Camera,Electronics,451,4,2022-08-12,43,Male,USA,Electronics,1804
245,103,38,Shoes,Clothing,928,4,2022-09-29,58,Male,Germany,Clothing,3712
246,124,10,Headphones,Clothing,130,2,2022-12-24,52,Male,Germany,Accessories,260
247,52,35,Smartphone,Electronics,947,4,2022-06-05,42,Male,Australia,Electronics,3788
248,52,49,Jacket,Accessories,779,1,2022-01-08,43,Female,Germany,Clothing,779
249,164,32,Laptop,Electronics,477,4,2022-05-02,28,Female,UK,Electronics,1908
250,124,7,Headphones,Clothing,752,4,2022-12-14,55,Female,France,Accessories,3008
251,166,21,Laptop,Accessories,526,1,2022-06-13,19,Male,Germany,Electronics,526
252,178,20,Shoes,Clothing,437,2,2022-03-31,24,Male,Canada,Clothing,874
253,63,26,Headphones,Accessories,451,1,2022-05-16,35,Female,Australia,Accessories,451
254,116,4,Watch,Electronics,611,4,2022-07-05,44,Male,Canada,Accessories,2444
255,191,46,Watch,Electronics,774,2,2022-11-12,51,Male,USA,Accessories,1548
256,62,22,Jacket,Electronics,751,4,2022-06-27,44,Male,France,Clothing,3004
257,7,15,Laptop,Electronics,345,1,2022-01-28,34,Male,Germany,Electronics,345
258,155,40,Smartphone,Accessories,971,1,2022-08-08,60,Female,Canada,Electronics,971
259,92,21,Shoes,Accessories,51,4,2022-12-23,61,Female,France,Clothing,204
260,14,15,Watch,Electronics,798,3,2022-02-10,41,Female,USA,Accessories,2394
261,199,22,Camera,Electronics,301,3,2022-08-16,42,Male,UK,Electronics,903
262,86,28,T-shirt,Accessories,776,1,2022-07-11,24,Female,Australia,Clothing,776
263,133,14,T-shirt,Accessories,841,1,2022-05-25,23,Female,France,Clothing,841
264,183,27,Sunglasses,Accessories,155,3,2022-07-20,41,Male,France,Accessories,465
265,130,41,Smartphone,Electronics,928,3,2022-07-31,50,Male,UK,Electronics,2784
266,62,40,T-shirt,Clothing,251,4,2022-08-08,46,Female,France,Clothing,1004
267,149,28,Sunglasses,Clothing,928,4,2022-08-28,60,Female,USA,Accessories,3712
268,79,26,Laptop,Clothing,319,3,2022-02-15,39,Female,USA,Electronics,957
269,149,49,Watch,Accessories,387,4,2022-02-04,43,Female,UK,Accessories,1548
270,138,2,Watch,Clothing,389,4,2022-09-10,45,Male,Australia,Accessories,1556
271,58,25,Camera,Electronics,774,2,2022-03-23,38,Female,Germany,Electronics,1548
272,120,3,Headphones,Electronics,102,4,2022-09-13,24,Female,Canada,Accessories,408
273,167,8,T-shirt,Accessories,912,1,2022-07-16,34,Male,Germany,Clothing,912
274,133,44,Laptop,Electronics,301,4,2022-10-30,37,Female,France,Electronics,1204
275,65,33,Tablet,Accessories,825,4,2022-01-10,58,Male,Canada,Electronics,3300
276,13,42,T-shirt,Clothing,971,3,2022-11-08,37,Male,UK,Clothing,2913
277,181,35,Smartphone,Clothing,614,1,2022-10-13,39,Male,UK,Electronics,614
278,82,6,Headphones,Accessories,319,4,2022-08-30,45,Female,Australia,Accessories,1276
279,173,39,T-shirt,Accessories,825,4,2022-09-08,57,Female,Canada,Clothing,3300
280,160,23,Laptop,Electronics,981,2,2022-12-31,24,Male,USA,Electronics,1962
281,164,25,T-shirt,Electronics,921,4,2022-01-05,18,Female,Canada,Clothing,3684
282,188,50,Smartphone,Clothing,605,4,2022-04-29,49,Female,France,Electronics,2420
283,139,43,Tablet,Clothing,102,2,2022-10-16,30,Male,USA,Electronics,204
284,191,19,Shoes,Electronics,558,3,2022-03-06,47,Male,UK,Clothing,1674
285,149,5,Jacket,Accessories,921,4,2022-05-26,40,Female,Canada,Clothing,3684
286,52,11,Tablet,Clothing,511,2,2022-08-12,36,Male,Germany,Electronics,1022
287,183,12,Sunglasses,Accessories,437,1,2022-08-27,49,Female,Australia,Accessories,437
288,117,10,T-shirt,Accessories,320,3,2022-06-26,47,Female,Germany,Clothing,960
289,26,8,Watch,Clothing,84,1,2022-09-24,46,Female,Australia,Accessories,84
290,196,24,Camera,Clothing,387,1,2022-12-07,62,Female,France,Electronics,387
291,34,28,Watch,Accessories,614,2,2022-10-09,46,Male,Germany,Accessories,1228
292,52,41,Tablet,Accessories,558,4,2022-03-04,47,Male,Canada,Electronics,2232
293,112,36,Watch,Accessories,511,2,2022-08-05,33,Male,Canada,Accessories,1022
294,82,37,Laptop,Electronics,826,2,2022-12-08,57,Male,Germany,Electronics,1652
295,180,21,Watch,Clothing,752,2,2022-11-11,36,Female,Canada,Accessories,1504
296,157,8,Headphones,Clothing,387,2,2022-10-10,35,Female,France,Accessories,774
297,166,9,Shoes,Clothing,504,3,2022-06-26,18,Male,USA,Clothing,1512
298,42,47,T-shirt,Clothing,387,4,2022-04-08,31,Female,France,Clothing,1548
299,21,15,Watch,Electronics,345,1,2022-04-15,64,Female,Australia,Accessories,345
300,42,48,Smartphone,Accessories,611,1,2022-04-09,19,Female,France,Electronics,611
301,141,46,Shoes,Electronics,477,4,2022-11-07,45,Male,Australia,Clothing,1908
302,113,40,Shoes,Electronics,141,1,2022-01-06,47,Male,Canada,Clothing,141
303,105,18,Watch,Accessories,774,4,2022-07-16,55,Male,USA,Accessories,3096
304,192,42,Shoes,Accessories,871,1,2022-12-17,21,Female,Canada,Clothing,871
305,17,20,Camera,Accessories,776,2,2022-05-13,18,Male,UK,Electronics,1552
306,120,6,Watch,Clothing,841,1,2022-12-24,25,Male,Canada,Accessories,841
307,137,12,Laptop,Accessories,451,4,2022-09-16,46,Male,Australia,Electronics,1804
308,169,2,Tablet,Accessories,319,4,2022-01-23,56,Male,Canada,Electronics,1276
309,129,7,Headphones,Accessories,505,4,2022-02-22,20,Male,Canada,Accessories,2020
310,130,16,Jacket,Accessories,477,4,2022-06-14,49,Male,USA,Clothing,1908
311,60,3,Sunglasses,Accessories,921,4,2022-07-21,27,Female,Canada,Accessories,3684
312,48,45,Shoes,Electronics,439,3,2022-03-24,27,Female,USA,Clothing,1317
313,29,3,Laptop,Clothing,395,3,2022-05-25,36,Male,Germany,Electronics,1185
314,97,27,T-shirt,Accessories,774,1,2022-03-26,63,Male,UK,Clothing,774
315,10,50,T-shirt,Accessories,511,4,2022-03-19,51,Female,USA,Clothing,2044
316,58,43,Sunglasses,Electronics,301,1,2022-01-01,50,Female,Australia,Accessories,301
317,188,40,Headphones,Clothing,320,4,2022-02-20,40,Male,Germany,Accessories,1280
318,21,38,Shoes,Electronics,971,4,2022-06-22,45,Male,USA,Clothing,3884
319,28,33,Camera,Electronics,774,3,2022-07-24,49,Male,USA,Electronics,2322
320,34,28,Sunglasses,Electronics,505,3,2022-09-17,24,Male,UK,Accessories,1515
321,8,1,Headphones,Accessories,130,2,2022-10-15,46,Female,Australia,Accessories,260
322,187,8,Shoes,Electronics,451,3,2022-02-03,25,Male,France,Clothing,1353
323,200,37,Laptop,Accessories,921,2,2022-12-14,18,Male,France,Electronics,1842
324,177,32,Tablet,Accessories,912,2,2022-04-05,20,Male,USA,Electronics,1824
325,79,48,Camera,Electronics,615,2,2022-03-13,41,Male,Canada,Electronics,1230
326,145,43,Jacket,Electronics,825,2,2022-02-08,40,Female,Australia,Clothing,1650
327,188,37,T-shirt,Electronics,84,2,2022-06-03,25,Female,Germany,Clothing,168
328,87,4,Smartphone,Accessories,947,1,2022-09-07,64,Female,Canada,Electronics,947
329,88,30,Laptop,Clothing,615,3,2022-06-11,54,Male,Canada,Electronics,1845
330,173,6,T-shirt,Accessories,416,2,2022-04-28,20,Male,Australia,Clothing,832
331,69,46,Watch,Electronics,774,4,2022-09-16,50,Female,USA,Accessories,3096
332,160,19,Smartphone,Clothing,821,3,2022-11-02,45,Male,USA,Electronics,2463
333,172,32,T-shirt,Accessories,947,3,2022-09-25,64,Male,USA,Clothing,2841
334,193,9,Headphones,Accessories,451,2,2022-02-23,25,Female,USA,Accessories,902
335,87,12,Camera,Electronics,130,1,2022-08-24,51,Female,France,Electronics,130
336,101,11,T-shirt,Accessories,826,2,2022-08-10,52,Female,USA,Clothing,1652
337,8,46,Jacket,Accessories,614,1,2022-09-08,49,Female,France,Clothing,614
338,77,16,Tablet,Clothing,255,4,2022-11-09,41,Male,France,Electronics,1020
339,200,1,Headphones,Accessories,511,3,2022-04-22,31,Male,USA,Accessories,1533
340,87,45,Laptop,Clothing,971,4,2022-09-12,49,Female,UK,Electronics,3884
341,43,21,Laptop,Clothing,826,1,2022-10-30,63,Male,Germany,Electronics,826
342,129,30,Laptop,Accessories,511,1,2022-07-26,60,Female,Canada,Electronics,511
343,109,13,Laptop,Accessories,511,4,2022-08-17,33,Female,France,Electronics,2044
344,179,34,Tablet,Accessories,439,1,2022-12-07,21,Male,Australia,Electronics,439
345,152,4,T-shirt,Clothing,102,4,2022-03-07,54,Female,Australia,Clothing,408
346,152,28,Shoes,Electronics,779,3,2022-03-16,38,Male,Germany,Clothing,2337
347,17,38,T-shirt,Electronics,389,4,2022-04-13,31,Male,Australia,Clothing,1556
348,133,31,Watch,Electronics,841,3,2022-07-11,48,Male,UK,Accessories,2523
349,148,27,Camera,Accessories,558,4,2022-09-09,35,Male,Australia,Electronics,2232
350,21,5,Smartphone,Clothing,451,1,2022-08-14,24,Female,Canada,Electronics,451
351,58,25,Shoes,Clothing,439,4,2022-10-21,27,Male,Canada,Clothing,1756
352,159,3,Shoes,Electronics,971,1,2022-11-02,24,Female,France,Clothing,971
353,110,33,T-shirt,Accessories,416,4,2022-04-08,50,Female,USA,Clothing,1664
354,139,4,Shoes,Clothing,614,4,2022-12-04,40,Female,UK,Clothing,2456
355,180,25,Sunglasses,Electronics,798,2,2022-10-13,38,Female,France,Accessories,1596
356,143,20,Sunglasses,Clothing,928,1,2022-12-01,36,Male,UK,Accessories,928
357,135,34,Watch,Accessories,51,2,2022-12-13,36,Male,USA,Accessories,102
358,28,26,Smartphone,Accessories,437,1,2022-11-04,53,Female,Australia,Electronics,437
359,51,5,Jacket,Clothing,865,2,2022-09-06,46,Female,Australia,Clothing,1730
360,186,35,Tablet,Accessories,947,3,2022-06-15,35,Male,USA,Electronics,2841
361,5,28,T-shirt,Electronics,389,4,2022-12-01,19,Female,France,Clothing,1556
362,5,29,Tablet,Electronics,826,1,2022-01-30,18,Male,USA,Electronics,826
363,94,9,Jacket,Clothing,947,1,2022-09-04,64,Female,Germany,Clothing,947
364,96,38,T-shirt,Clothing,992,4,2022-04-16,22,Male,Canada,Clothing,3968
365,8,50,T-shirt,Accessories,752,1,2022-02-20,37,Female,France,Clothing,752
366,64,6,Smartphone,Accessories,345,1,2022-03-22,28,Female,UK,Electronics,345
367,138,19,Tablet,Electronics,155,2,2022-05-13,59,Male,Germany,Electronics,310
368,38,44,Sunglasses,Electronics,871,1,2022-10-12,19,Female,France,Accessories,871
369,111,11,Laptop,Electronics,439,3,2022-05-18,20,Female,USA,Electronics,1317
370,112,2,Tablet,Accessories,821,3,2022-07-03,40,Male,USA,Electronics,2463
371,81,47,Camera,Clothing,871,4,2022-11-26,29,Female,USA,Electronics,3484
372,136,44,Camera,Electronics,798,1,2022-09-30,37,Male,USA,Electronics,798
373,104,44,T-shirt,Clothing,387,4,2022-12-06,22,Male,UK,Clothing,1548
374,153,9,Laptop,Electronics,251,3,2022-03-10,54,Female,Germany,Electronics,753
375,73,21,Headphones,Electronics,251,1,2022-02-03,55,Female,Australia,Accessories,251
376,194,24,Jacket,Accessories,389,1,2022-09-19,47,Female,Canada,Clothing,389
377,178,34,Watch,Accessories,320,4,2022-02-22,26,Female,UK,Accessories,1280
378,195,22,Laptop,Electronics,387,3,2022-07-24,51,Female,UK,Electronics,1161
379,49,3,Watch,Accessories,345,1,2022-05-06,61,Female,Australia,Accessories,345
380,36,12,Tablet,Electronics,841,4,2022-08-23,52,Female,Australia,Electronics,3364
381,126,28,Tablet,Accessories,345,3,2022-02-12,39,Male,Canada,Electronics,1035
382,68,30,Watch,Accessories,776,4,2022-08-28,61,Female,Canada,Accessories,3104
383,78,26,Jacket,Electronics,981,2,2022-04-21,41,Male,Australia,Clothing,1962
384,105,48,Laptop,Clothing,319,1,2022-09-06,34,Female,USA,Electronics,319
385,169,21,Headphones,Electronics,841,2,2022-05-31,27,Female,UK,Accessories,1682
386,122,28,T-shirt,Accessories,439,3,2022-07-02,47,Male,France,Clothing,1317
387,119,26,Smartphone,Clothing,477,2,2022-12-02,63,Female,Canada,Electronics,954
388,190,33,Tablet,Accessories,141,2,2022-04-05,40,Female,Canada,Electronics,282
389,114,21,Camera,Electronics,798,3,2022-01-08,49,Male,Australia,Electronics,2394
390,10,35,Jacket,Accessories,865,4,2022-12-26,34,Female,Germany,Clothing,3460
391,149,34,Smartphone,Electronics,776,2,2022-07-03,34,Female,France,Electronics,1552
392,164,41,Headphones,Electronics,615,4,2022-10-08,31,Female,France,Accessories,2460
393,140,47,Shoes,Accessories,751,2,2022-07-14,26,Male,Canada,Clothing,1502
394,91,18,T-shirt,Accessories,389,4,2022-12-18,57,Female,USA,Clothing,1556
395,2,11,Tablet,Clothing,345,3,2022-07-14,19,Female,Germany,Electronics,1035
396,118,23,T-shirt,Accessories,155,2,2022-06-04,62,Female,France,Clothing,310
397,13,48,Smartphone,Clothing,611,3,2022-04-03,42,Female,Canada,Electronics,1833
398,181,22,T-shirt,Clothing,992,2,2022-06-09,56,Male,France,Clothing,1984
399,160,17,Shoes,Clothing,155,3,2022-03-02,26,Male,Germany,Clothing,465
400,95,5,Smartphone,Electronics,981,3,2022-05-02,39,Female,Germany,Electronics,2943
401,144,44,Tablet,Accessories,614,2,2022-02-20,60,Female,UK,Electronics,1228
402,32,11,Laptop,Clothing,605,2,2022-10-04,63,Male,Australia,Electronics,1210
403,32,30,Camera,Electronics,615,2,2022-01-05,21,Male,Australia,Electronics,1230
404,124,15,Smartphone,Electronics,477,1,2022-04-02,43,Female,Canada,Electronics,477
405,11,27,Sunglasses,Clothing,779,4,2022-06-19,46,Male,Germany,Accessories,3116
406,10,35,Shoes,Electronics,928,1,2022-11-13,62,Female,UK,Clothing,928
407,15,33,Smartphone,Electronics,505,1,2022-01-22,51,Male,UK,Electronics,505
408,17,20,Smartphone,Accessories,155,3,2022-11-22,40,Male,France,Electronics,465
409,168,16,Sunglasses,Accessories,84,2,2022-01-01,54,Male,France,Accessories,168
410,146,34,Tablet,Accessories,251,4,2022-05-13,28,Male,UK,Electronics,1004
411,183,2,Smartphone,Electronics,387,3,2022-08-21,23,Female,France,Electronics,1161
412,153,35,Camera,Accessories,928,1,2022-01-12,35,Male,Germany,Electronics,928
413,59,40,T-shirt,Clothing,102,2,2022-12-12,38,Male,USA,Clothing,204
414,78,28,Tablet,Accessories,155,3,2022-02-15,59,Female,Germany,Electronics,465
415,124,47,Camera,Accessories,798,2,2022-02-03,53,Male,UK,Electronics,1596
416,114,39,Tablet,Accessories,611,3,2022-03-19,58,Male,UK,Electronics,1833
417,22,6,Camera,Accessories,301,2,2022-08-06,55,Female,Germany,Electronics,602
418,158,9,Shoes,Clothing,439,1,2022-10-28,51,Male,France,Clothing,439
419,172,20,Camera,Clothing,395,4,2022-03-14,34,Female,France,Electronics,1580
420,32,1,Watch,Electronics,505,1,2022-10-09,54,Female,Australia,Accessories,505
421,179,8,Camera,Accessories,141,4,2022-09-06,42,Female,UK,Electronics,564
422,174,23,Laptop,Clothing,769,2,2022-02-16,55,Female,Canada,Electronics,1538
423,113,3,Laptop,Clothing,921,3,2022-05-01,29,Male,Australia,Electronics,2763
424,120,4,Jacket,Accessories,605,1,2022-08-02,40,Female,France,Clothing,605
425,149,25,Watch,Clothing,615,4,2022-08-27,59,Male,Germany,Accessories,2460
426,122,47,Watch,Clothing,319,1,2022-02-25,39,Male,France,Accessories,319
427,32,38,T-shirt,Accessories,605,4,2022-12-16,38,Male,Germany,Clothing,2420
428,119,15,Watch,Accessories,611,1,2022-04-17,44,Male,Australia,Accessories,611
429,39,21,T-shirt,Accessories,774,4,2022-11-15,48,Male,UK,Clothing,3096
430,12,35,Jacket,Clothing,251,4,2022-02-17,23,Male,France,Clothing,1004
431,175,46,Jacket,Clothing,345,2,2022-03-02,44,Male,Germany,Clothing,690
432,18,14,Shoes,Clothing,255,4,2022-12-03,57,Male,UK,Clothing,1020
433,149,36,Laptop,Clothing,558,2,2022-01-26,51,Male,Canada,Electronics,1116
434,141,12,Camera,Electronics,928,4,2022-10-19,29,Male,Germany,Electronics,3712
435,149,17,Camera,Electronics,320,3,2022-09-14,62,Female,Australia,Electronics,960
436,126,39,Sunglasses,Clothing,912,3,2022-01-08,24,Female,Canada,Accessories,2736
437,136,9,Sunglasses,Electronics,477,3,2022-04-23,27,Female,Canada,Accessories,1431
438,46,35,Headphones,Electronics,345,4,2022-12-21,62,Male,USA,Accessories,1380
439,104,13,Tablet,Accessories,451,2,2022-09-10,34,Female,France,Electronics,902
440,135,15,Shoes,Accessories,825,2,2022-06-29,43,Female,Germany,Clothing,1650
441,151,18,Headphones,Accessories,255,4,2022-07-26,38,Female,Canada,Accessories,1020
442,86,33,Headphones,Accessories,776,3,2022-10-30,45,Male,USA,Accessories,2328
443,150,6,Smartphone,Electronics,928,3,2022-05-07,63,Male,Australia,Electronics,2784
444,89,27,Smartphone,Accessories,437,2,2022-02-25,19,Male,UK,Electronics,874
445,22,23,Headphones,Electronics,130,3,2022-08-02,60,Male,Germany,Accessories,390
446,92,27,Watch,Clothing,451,1,2022-01-14,18,Female,Canada,Accessories,451
447,29,34,Tablet,Accessories,821,2,2022-01-28,53,Female,France,Electronics,1642
448,13,46,Shoes,Electronics,504,3,2022-03-19,43,Female,USA,Clothing,1512
449,2,38,Headphones,Clothing,774,2,2022-08-04,46,Female,Canada,Accessories,1548
450,29,14,Camera,Accessories,477,1,2022-12-31,38,Male,France,Electronics,477
451,180,36,Tablet,Accessories,928,2,2022-06-03,28,Male,Canada,Electronics,1856
452,27,8,Smartphone,Accessories,319,2,2022-01-14,57,Male,Germany,Electronics,638
453,50,35,Camera,Accessories,319,2,2022-07-06,28,Female,Germany,Electronics,638
454,95,19,Smartphone,Clothing,437,2,2022-11-08,53,Male,Germany,Electronics,874
455,151,30,Smartphone,Clothing,614,1,2022-01-07,56,Male,Australia,Electronics,614
456,88,14,Tablet,Electronics,558,4,2022-01-03,57,Female,Australia,Electronics,2232
457,44,20,Smartphone,Electronics,301,2,2022-04-21,52,Female,USA,Electronics,602
458,22,49,Jacket,Electronics,928,2,2022-08-26,51,Male,Germany,Clothing,1856
459,171,25,Laptop,Clothing,345,3,2022-12-29,64,Male,France,Electronics,1035
460,165,40,Jacket,Clothing,826,2,2022-08-27,41,Male,Canada,Clothing,1652
461,189,24,Laptop,Accessories,779,3,2022-10-01,39,Male,UK,Electronics,2337
462,97,14,Sunglasses,Accessories,971,4,2022-10-21,22,Male,France,Accessories,3884
463,184,26,Sunglasses,Electronics,912,1,2022-08-15,50,Male,Australia,Accessories,912
464,3,38,Smartphone,Electronics,84,1,2022-01-15,53,Female,Australia,Electronics,84
465,191,23,Shoes,Electronics,826,4,2022-07-11,64,Female,France,Clothing,3304
466,118,22,Shoes,Accessories,912,1,2022-04-29,37,Female,Australia,Clothing,912
467,19,48,Laptop,Electronics,779,4,2022-01-28,36,Male,Germany,Electronics,3116
468,23,19,Camera,Clothing,102,4,2022-07-21,52,Female,USA,Electronics,408
469,157,46,Tablet,Clothing,928,4,2022-02-08,60,Male,Canada,Electronics,3712
470,30,3,Smartphone,Electronics,84,1,2022-09-30,34,Male,USA,Electronics,84
471,39,42,Tablet,Electronics,102,3,2022-08-19,62,Female,Canada,Electronics,306
472,108,19,Jacket,Electronics,841,4,2022-03-27,60,Male,Canada,Clothing,3364
473,111,9,Shoes,Electronics,779,2,2022-05-06,51,Male,USA,Clothing,1558
474,25,28,Watch,Electronics,776,1,2022-10-27,26,Female,France,Accessories,776
475,128,20,Jacket,Clothing,821,4,2022-01-25,43,Female,Canada,Clothing,3284
476,111,45,Jacket,Clothing,526,4,2022-05-25,19,Female,USA,Clothing,2104
477,136,7,Laptop,Electronics,611,2,2022-01-13,26,Male,Canada,Electronics,1222
478,106,14,T-shirt,Clothing,416,3,2022-07-31,26,Female,UK,Clothing,1248
479,186,9,Jacket,Accessories,84,3,2022-01-25,57,Female,France,Clothing,252
480,144,19,Smartphone,Accessories,389,3,2022-03-09,34,Male,Germany,Electronics,1167
481,72,47,Headphones,Accessories,526,4,2022-03-08,18,Female,Canada,Accessories,2104
482,129,14,Headphones,Clothing,841,4,2022-08-21,42,Female,UK,Accessories,3364
483,108,38,Smartphone,Accessories,614,4,2022-04-19,60,Female,Germany,Electronics,2456
484,5,36,T-shirt,Clothing,416,1,2022-05-26,57,Male,Germany,Clothing,416
485,3,40,T-shirt,Accessories,841,2,2022-04-21,59,Male,Canada,Clothing,1682
486,193,17,Laptop,Accessories,776,4,2022-08-16,42,Male,USA,Electronics,3104
487,132,30,Shoes,Accessories,826,2,2022-04-21,56,Male,Canada,Clothing,1652
488,104,9,Tablet,Electronics,841,2,2022-02-03,52,Female,UK,Electronics,1682
489,64,33,T-shirt,Clothing,611,3,2022-04-21,20,Male,Germany,Clothing,1833
490,106,25,Watch,Accessories,774,1,2022-09-21,54,Male,Canada,Accessories,774
491,98,14,Laptop,Electronics,871,4,2022-08-24,61,Female,USA,Electronics,3484
492,10,11,Sunglasses,Clothing,614,3,2022-03-24,61,Female,Canada,Accessories,1842
493,149,35,Camera,Electronics,130,3,2022-02-11,47,Female,France,Electronics,390
494,128,41,Sunglasses,Electronics,779,4,2022-04-11,55,Male,USA,Accessories,3116
495,46,14,Laptop,Accessories,774,2,2022-01-06,51,Male,UK,Electronics,1548
496,155,30,Jacket,Accessories,251,3,2022-06-29,29,Male,Germany,Clothing,753
497,66,41,Tablet,Clothing,526,2,2022-10-09,36,Female,Canada,Electronics,1052
498,169,4,Camera,Accessories,981,1,2022-11-16,54,Female,USA,Electronics,981
499,112,4,Sunglasses,Electronics,871,2,2022-08-14,61,Male,France,Accessories,1742
500,13,28,Camera,Clothing,451,1,2022-11-11,34,Female,USA,Electronics,451
